id	date	r1	r2	TG92300
CAMCL-TG134004-081	2019-08-02	/scratch/TGenNextGen/TGN-MiSeq0764/PMI-TGN_Bowers_PH-MISC/CAMCL-TG134004-081_S16_L001_R1_001.fastq.gz	/scratch/TGenNextGen/TGN-MiSeq0764/PMI-TGN_Bowers_PH-MISC/CAMCL-TG134004-081_S16_L001_R2_001.fastq.gz	87.88%
CAMCL-TG134008-081	2019-08-02	/scratch/TGenNextGen/TGN-MiSeq0764/PMI-TGN_Bowers_PH-MISC/CAMCL-TG134008-081_S17_L001_R1_001.fastq.gz	/scratch/TGenNextGen/TGN-MiSeq0764/PMI-TGN_Bowers_PH-MISC/CAMCL-TG134008-081_S17_L001_R2_001.fastq.gz	85.29%
GAS-TG133876-095	2019-08-02	/scratch/TGenNextGen/TGN-MiSeq0764/PMI-TGN_Bowers_PH-GAS/GAS-TG133876-095_S36_L001_R1_001.fastq.gz	/scratch/TGenNextGen/TGN-MiSeq0764/PMI-TGN_Bowers_PH-GAS/GAS-TG133876-095_S36_L001_R2_001.fastq.gz	85.54%
GAS-TG133880-095	2019-08-02	/scratch/TGenNextGen/TGN-MiSeq0764/PMI-TGN_Bowers_PH-GAS/GAS-TG133880-095_S37_L001_R1_001.fastq.gz	/scratch/TGenNextGen/TGN-MiSeq0764/PMI-TGN_Bowers_PH-GAS/GAS-TG133880-095_S37_L001_R2_001.fastq.gz	86.45%
GAS-TG133884-095	2019-08-26	/scratch/TGenNextGen/TGN-MiSeq0775/PMI-TGN_Bowers_PH-GAS/GAS-TG133884-095_S1_L001_R1_001.fastq.gz	/scratch/TGenNextGen/TGN-MiSeq0775/PMI-TGN_Bowers_PH-GAS/GAS-TG133884-095_S1_L001_R2_001.fastq.gz	90.46%
GAS-TG133888-095	2019-08-02	/scratch/TGenNextGen/TGN-MiSeq0764/PMI-TGN_Bowers_PH-GAS/GAS-TG133888-095_S34_L001_R1_001.fastq.gz	/scratch/TGenNextGen/TGN-MiSeq0764/PMI-TGN_Bowers_PH-GAS/GAS-TG133888-095_S34_L001_R2_001.fastq.gz	87.80%
GAS-TG133892-095	2019-08-02	/scratch/TGenNextGen/TGN-MiSeq0764/PMI-TGN_Bowers_PH-GAS/GAS-TG133892-095_S38_L001_R1_001.fastq.gz	/scratch/TGenNextGen/TGN-MiSeq0764/PMI-TGN_Bowers_PH-GAS/GAS-TG133892-095_S38_L001_R2_001.fastq.gz	96.47%
GAS-TG133940-095	2019-08-02	/scratch/TGenNextGen/TGN-MiSeq0764/PMI-TGN_Bowers_PH-GAS/GAS-TG133940-095_S39_L001_R1_001.fastq.gz	/scratch/TGenNextGen/TGN-MiSeq0764/PMI-TGN_Bowers_PH-GAS/GAS-TG133940-095_S39_L001_R2_001.fastq.gz	83.72%
GAS-TG133944-095	2019-08-02	/scratch/TGenNextGen/TGN-MiSeq0764/PMI-TGN_Bowers_PH-GAS/GAS-TG133944-095_S40_L001_R1_001.fastq.gz	/scratch/TGenNextGen/TGN-MiSeq0764/PMI-TGN_Bowers_PH-GAS/GAS-TG133944-095_S40_L001_R2_001.fastq.gz	84.04%
GAS-TG133948-095	2019-08-02	/scratch/TGenNextGen/TGN-MiSeq0764/PMI-TGN_Bowers_PH-GAS/GAS-TG133948-095_S41_L001_R1_001.fastq.gz	/scratch/TGenNextGen/TGN-MiSeq0764/PMI-TGN_Bowers_PH-GAS/GAS-TG133948-095_S41_L001_R2_001.fastq.gz	83.72%
GAS-TG133952-095	2019-08-02	/scratch/TGenNextGen/TGN-MiSeq0764/PMI-TGN_Bowers_PH-GAS/GAS-TG133952-095_S42_L001_R1_001.fastq.gz	/scratch/TGenNextGen/TGN-MiSeq0764/PMI-TGN_Bowers_PH-GAS/GAS-TG133952-095_S42_L001_R2_001.fastq.gz	81.20%
GAS-TG133956-095	2019-08-02	/scratch/TGenNextGen/TGN-MiSeq0764/PMI-TGN_Bowers_PH-GAS/GAS-TG133956-095_S43_L001_R1_001.fastq.gz	/scratch/TGenNextGen/TGN-MiSeq0764/PMI-TGN_Bowers_PH-GAS/GAS-TG133956-095_S43_L001_R2_001.fastq.gz	82.22%
GAS-TG133960-095	2019-08-02	/scratch/TGenNextGen/TGN-MiSeq0764/PMI-TGN_Bowers_PH-GAS/GAS-TG133960-095_S44_L001_R1_001.fastq.gz	/scratch/TGenNextGen/TGN-MiSeq0764/PMI-TGN_Bowers_PH-GAS/GAS-TG133960-095_S44_L001_R2_001.fastq.gz	79.05%
GAS-TG133964-095	2019-08-02	/scratch/TGenNextGen/TGN-MiSeq0764/PMI-TGN_Bowers_PH-GAS/GAS-TG133964-095_S35_L001_R1_001.fastq.gz	/scratch/TGenNextGen/TGN-MiSeq0764/PMI-TGN_Bowers_PH-GAS/GAS-TG133964-095_S35_L001_R2_001.fastq.gz	88.08%
GAS-TG133968-095	2019-08-02	/scratch/TGenNextGen/TGN-MiSeq0764/PMI-TGN_Bowers_PH-GAS/GAS-TG133968-095_S45_L001_R1_001.fastq.gz	/scratch/TGenNextGen/TGN-MiSeq0764/PMI-TGN_Bowers_PH-GAS/GAS-TG133968-095_S45_L001_R2_001.fastq.gz	78.79%
GAS-TG133972-095	2019-08-02	/scratch/TGenNextGen/TGN-MiSeq0764/PMI-TGN_Bowers_PH-GAS/GAS-TG133972-095_S46_L001_R1_001.fastq.gz	/scratch/TGenNextGen/TGN-MiSeq0764/PMI-TGN_Bowers_PH-GAS/GAS-TG133972-095_S46_L001_R2_001.fastq.gz	86.43%
GAS-TG133976-095	2019-08-02	/scratch/TGenNextGen/TGN-MiSeq0764/PMI-TGN_Bowers_PH-GAS/GAS-TG133976-095_S47_L001_R1_001.fastq.gz	/scratch/TGenNextGen/TGN-MiSeq0764/PMI-TGN_Bowers_PH-GAS/GAS-TG133976-095_S47_L001_R2_001.fastq.gz	82.80%
GAS-TG133980-095	2019-08-02	/scratch/TGenNextGen/TGN-MiSeq0764/PMI-TGN_Bowers_PH-GAS/GAS-TG133980-095_S48_L001_R1_001.fastq.gz	/scratch/TGenNextGen/TGN-MiSeq0764/PMI-TGN_Bowers_PH-GAS/GAS-TG133980-095_S48_L001_R2_001.fastq.gz	87.89%
GAS-TG133984-095	2019-08-02	/scratch/TGenNextGen/TGN-MiSeq0764/PMI-TGN_Bowers_PH-GAS/GAS-TG133984-095_S49_L001_R1_001.fastq.gz	/scratch/TGenNextGen/TGN-MiSeq0764/PMI-TGN_Bowers_PH-GAS/GAS-TG133984-095_S49_L001_R2_001.fastq.gz	82.70%
GAS-TG133988-095	2019-08-02	/scratch/TGenNextGen/TGN-MiSeq0764/PMI-TGN_Bowers_PH-GAS/GAS-TG133988-095_S50_L001_R1_001.fastq.gz	/scratch/TGenNextGen/TGN-MiSeq0764/PMI-TGN_Bowers_PH-GAS/GAS-TG133988-095_S50_L001_R2_001.fastq.gz	81.65%
GAS-TG133992-095	2019-08-02	/scratch/TGenNextGen/TGN-MiSeq0764/PMI-TGN_Bowers_PH-GAS/GAS-TG133992-095_S51_L001_R1_001.fastq.gz	/scratch/TGenNextGen/TGN-MiSeq0764/PMI-TGN_Bowers_PH-GAS/GAS-TG133992-095_S51_L001_R2_001.fastq.gz	85.58%
GAS-TG133996-095	2019-08-02	/scratch/TGenNextGen/TGN-MiSeq0764/PMI-TGN_Bowers_PH-GAS/GAS-TG133996-095_S52_L001_R1_001.fastq.gz	/scratch/TGenNextGen/TGN-MiSeq0764/PMI-TGN_Bowers_PH-GAS/GAS-TG133996-095_S52_L001_R2_001.fastq.gz	83.03%
GAS-TG134000-095	2019-08-02	/scratch/TGenNextGen/TGN-MiSeq0764/PMI-TGN_Bowers_PH-GAS/GAS-TG134000-095_S53_L001_R1_001.fastq.gz	/scratch/TGenNextGen/TGN-MiSeq0764/PMI-TGN_Bowers_PH-GAS/GAS-TG134000-095_S53_L001_R2_001.fastq.gz	82.55%
GAS-TG134012-081	2019-12-16	/scratch/TGenNextGen/TGN-MiniSeq0046/PMI-TGN_Bowers_PH-MISC/GAS-TG134012-081_S1_L001_R1_001.fastq.gz	/scratch/TGenNextGen/TGN-MiniSeq0046/PMI-TGN_Bowers_PH-MISC/GAS-TG134012-081_S1_L001_R2_001.fastq.gz	89.96%
GAS-TG134012-095	2019-08-02	/scratch/TGenNextGen/TGN-MiSeq0764/PMI-TGN_Bowers_PH-GAS/GAS-TG134012-095_S18_L001_R1_001.fastq.gz	/scratch/TGenNextGen/TGN-MiSeq0764/PMI-TGN_Bowers_PH-GAS/GAS-TG134012-095_S18_L001_R2_001.fastq.gz	84.56%
GAS-TG134016-095	2019-08-02	/scratch/TGenNextGen/TGN-MiSeq0764/PMI-TGN_Bowers_PH-GAS/GAS-TG134016-095_S19_L001_R1_001.fastq.gz	/scratch/TGenNextGen/TGN-MiSeq0764/PMI-TGN_Bowers_PH-GAS/GAS-TG134016-095_S19_L001_R2_001.fastq.gz	90.10%
GAS-TG134020-095	2019-08-02	/scratch/TGenNextGen/TGN-MiSeq0764/PMI-TGN_Bowers_PH-GAS/GAS-TG134020-095_S20_L001_R1_001.fastq.gz	/scratch/TGenNextGen/TGN-MiSeq0764/PMI-TGN_Bowers_PH-GAS/GAS-TG134020-095_S20_L001_R2_001.fastq.gz	91.16%
GAS-TG134024-095	2019-08-02	/scratch/TGenNextGen/TGN-MiSeq0764/PMI-TGN_Bowers_PH-GAS/GAS-TG134024-095_S21_L001_R1_001.fastq.gz	/scratch/TGenNextGen/TGN-MiSeq0764/PMI-TGN_Bowers_PH-GAS/GAS-TG134024-095_S21_L001_R2_001.fastq.gz	88.78%
GAS-TG134028-095	2019-08-02	/scratch/TGenNextGen/TGN-MiSeq0764/PMI-TGN_Bowers_PH-GAS/GAS-TG134028-095_S22_L001_R1_001.fastq.gz	/scratch/TGenNextGen/TGN-MiSeq0764/PMI-TGN_Bowers_PH-GAS/GAS-TG134028-095_S22_L001_R2_001.fastq.gz	88.61%
GAS-TG134032-095	2019-08-02	/scratch/TGenNextGen/TGN-MiSeq0764/PMI-TGN_Bowers_PH-GAS/GAS-TG134032-095_S23_L001_R1_001.fastq.gz	/scratch/TGenNextGen/TGN-MiSeq0764/PMI-TGN_Bowers_PH-GAS/GAS-TG134032-095_S23_L001_R2_001.fastq.gz	88.30%
GAS-TG134036-095	2019-08-02	/scratch/TGenNextGen/TGN-MiSeq0764/PMI-TGN_Bowers_PH-GAS/GAS-TG134036-095_S24_L001_R1_001.fastq.gz	/scratch/TGenNextGen/TGN-MiSeq0764/PMI-TGN_Bowers_PH-GAS/GAS-TG134036-095_S24_L001_R2_001.fastq.gz	90.68%
GAS-TG134040-095	2019-08-26	/scratch/TGenNextGen/TGN-MiSeq0775/PMI-TGN_Bowers_PH-GAS/GAS-TG134040-095_S2_L001_R1_001.fastq.gz	/scratch/TGenNextGen/TGN-MiSeq0775/PMI-TGN_Bowers_PH-GAS/GAS-TG134040-095_S2_L001_R2_001.fastq.gz	90.51%
GAS-TG134044-095	2019-08-26	/scratch/TGenNextGen/TGN-MiSeq0775/PMI-TGN_Bowers_PH-GAS/GAS-TG134044-095_S3_L001_R1_001.fastq.gz	/scratch/TGenNextGen/TGN-MiSeq0775/PMI-TGN_Bowers_PH-GAS/GAS-TG134044-095_S3_L001_R2_001.fastq.gz	90.79%
GAS-TG134052-095	2019-08-26	/scratch/TGenNextGen/TGN-MiSeq0775/PMI-TGN_Bowers_PH-GAS/GAS-TG134052-095_S4_L001_R1_001.fastq.gz	/scratch/TGenNextGen/TGN-MiSeq0775/PMI-TGN_Bowers_PH-GAS/GAS-TG134052-095_S4_L001_R2_001.fastq.gz	88.54%
GAS-TG134056-095	2019-08-26	/scratch/TGenNextGen/TGN-MiSeq0775/PMI-TGN_Bowers_PH-GAS/GAS-TG134056-095_S5_L001_R1_001.fastq.gz	/scratch/TGenNextGen/TGN-MiSeq0775/PMI-TGN_Bowers_PH-GAS/GAS-TG134056-095_S5_L001_R2_001.fastq.gz	88.52%
GAS-TG134060-095	2019-08-26	/scratch/TGenNextGen/TGN-MiSeq0775/PMI-TGN_Bowers_PH-GAS/GAS-TG134060-095_S6_L001_R1_001.fastq.gz	/scratch/TGenNextGen/TGN-MiSeq0775/PMI-TGN_Bowers_PH-GAS/GAS-TG134060-095_S6_L001_R2_001.fastq.gz	90.48%
GAS-TG134064-095	2019-08-26	/scratch/TGenNextGen/TGN-MiSeq0775/PMI-TGN_Bowers_PH-GAS/GAS-TG134064-095_S7_L001_R1_001.fastq.gz	/scratch/TGenNextGen/TGN-MiSeq0775/PMI-TGN_Bowers_PH-GAS/GAS-TG134064-095_S7_L001_R2_001.fastq.gz	89.30%
GAS-TG134068-095	2019-08-26	/scratch/TGenNextGen/TGN-MiSeq0775/PMI-TGN_Bowers_PH-GAS/GAS-TG134068-095_S8_L001_R1_001.fastq.gz	/scratch/TGenNextGen/TGN-MiSeq0775/PMI-TGN_Bowers_PH-GAS/GAS-TG134068-095_S8_L001_R2_001.fastq.gz	86.59%
GAS-TG134108-095	2019-08-26	/scratch/TGenNextGen/TGN-MiSeq0775/PMI-TGN_Bowers_PH-GAS/GAS-TG134108-095_S9_L001_R1_001.fastq.gz	/scratch/TGenNextGen/TGN-MiSeq0775/PMI-TGN_Bowers_PH-GAS/GAS-TG134108-095_S9_L001_R2_001.fastq.gz	89.96%
GAS-TG134112-095	2019-08-26	/scratch/TGenNextGen/TGN-MiSeq0775/PMI-TGN_Bowers_PH-GAS/GAS-TG134112-095_S10_L001_R1_001.fastq.gz	/scratch/TGenNextGen/TGN-MiSeq0775/PMI-TGN_Bowers_PH-GAS/GAS-TG134112-095_S10_L001_R2_001.fastq.gz	89.10%
GAS-TG134116-095	2019-08-26	/scratch/TGenNextGen/TGN-MiSeq0775/PMI-TGN_Bowers_PH-GAS/GAS-TG134116-095_S11_L001_R1_001.fastq.gz	/scratch/TGenNextGen/TGN-MiSeq0775/PMI-TGN_Bowers_PH-GAS/GAS-TG134116-095_S11_L001_R2_001.fastq.gz	86.23%
GAS-TG134120-095	2019-08-26	/scratch/TGenNextGen/TGN-MiSeq0775/PMI-TGN_Bowers_PH-GAS/GAS-TG134120-095_S12_L001_R1_001.fastq.gz	/scratch/TGenNextGen/TGN-MiSeq0775/PMI-TGN_Bowers_PH-GAS/GAS-TG134120-095_S12_L001_R2_001.fastq.gz	87.51%
GAS-TG134124-095	2019-08-26	/scratch/TGenNextGen/TGN-MiSeq0775/PMI-TGN_Bowers_PH-GAS/GAS-TG134124-095_S13_L001_R1_001.fastq.gz	/scratch/TGenNextGen/TGN-MiSeq0775/PMI-TGN_Bowers_PH-GAS/GAS-TG134124-095_S13_L001_R2_001.fastq.gz	88.91%
GAS-TG134128-095	2019-08-26	/scratch/TGenNextGen/TGN-MiSeq0775/PMI-TGN_Bowers_PH-GAS/GAS-TG134128-095_S14_L001_R1_001.fastq.gz	/scratch/TGenNextGen/TGN-MiSeq0775/PMI-TGN_Bowers_PH-GAS/GAS-TG134128-095_S14_L001_R2_001.fastq.gz	87.57%
GAS-TG134132-095	2019-08-26	/scratch/TGenNextGen/TGN-MiSeq0775/PMI-TGN_Bowers_PH-GAS/GAS-TG134132-095_S15_L001_R1_001.fastq.gz	/scratch/TGenNextGen/TGN-MiSeq0775/PMI-TGN_Bowers_PH-GAS/GAS-TG134132-095_S15_L001_R2_001.fastq.gz	91.63%
GAS-TG134136-095	2019-08-26	/scratch/TGenNextGen/TGN-MiSeq0775/PMI-TGN_Bowers_PH-GAS/GAS-TG134136-095_S16_L001_R1_001.fastq.gz	/scratch/TGenNextGen/TGN-MiSeq0775/PMI-TGN_Bowers_PH-GAS/GAS-TG134136-095_S16_L001_R2_001.fastq.gz	89.01%
GAS-TG134140-095	2019-08-26	/scratch/TGenNextGen/TGN-MiSeq0775/PMI-TGN_Bowers_PH-GAS/GAS-TG134140-095_S17_L001_R1_001.fastq.gz	/scratch/TGenNextGen/TGN-MiSeq0775/PMI-TGN_Bowers_PH-GAS/GAS-TG134140-095_S17_L001_R2_001.fastq.gz	88.96%
GAS-TG134272-095	2019-08-26	/scratch/TGenNextGen/TGN-MiSeq0775/PMI-TGN_Bowers_PH-GAS/GAS-TG134272-095_S18_L001_R1_001.fastq.gz	/scratch/TGenNextGen/TGN-MiSeq0775/PMI-TGN_Bowers_PH-GAS/GAS-TG134272-095_S18_L001_R2_001.fastq.gz	90.17%
GAS-TG134276-095	2019-08-26	/scratch/TGenNextGen/TGN-MiSeq0775/PMI-TGN_Bowers_PH-GAS/GAS-TG134276-095_S19_L001_R1_001.fastq.gz	/scratch/TGenNextGen/TGN-MiSeq0775/PMI-TGN_Bowers_PH-GAS/GAS-TG134276-095_S19_L001_R2_001.fastq.gz	87.11%
GAS-TG134280-095	2019-08-26	/scratch/TGenNextGen/TGN-MiSeq0775/PMI-TGN_Bowers_PH-GAS/GAS-TG134280-095_S20_L001_R1_001.fastq.gz	/scratch/TGenNextGen/TGN-MiSeq0775/PMI-TGN_Bowers_PH-GAS/GAS-TG134280-095_S20_L001_R2_001.fastq.gz	90.37%
GAS-TG134284-095	2019-08-26	/scratch/TGenNextGen/TGN-MiSeq0775/PMI-TGN_Bowers_PH-GAS/GAS-TG134284-095_S21_L001_R1_001.fastq.gz	/scratch/TGenNextGen/TGN-MiSeq0775/PMI-TGN_Bowers_PH-GAS/GAS-TG134284-095_S21_L001_R2_001.fastq.gz	87.57%
GAS-TG134288-095	2019-08-26	/scratch/TGenNextGen/TGN-MiSeq0775/PMI-TGN_Bowers_PH-GAS/GAS-TG134288-095_S22_L001_R1_001.fastq.gz	/scratch/TGenNextGen/TGN-MiSeq0775/PMI-TGN_Bowers_PH-GAS/GAS-TG134288-095_S22_L001_R2_001.fastq.gz	77.48%
GAS-TG134292-095	2019-08-26	/scratch/TGenNextGen/TGN-MiSeq0775/PMI-TGN_Bowers_PH-GAS/GAS-TG134292-095_S23_L001_R1_001.fastq.gz	/scratch/TGenNextGen/TGN-MiSeq0775/PMI-TGN_Bowers_PH-GAS/GAS-TG134292-095_S23_L001_R2_001.fastq.gz	88.27%
GAS-TG134296-095	2019-10-14	/scratch/TGenNextGen/TGN-MiSeq0798/PMI-TGN_Bowers_PH-GAS/GAS-TG134296-095_S39_L001_R1_001.fastq.gz	/scratch/TGenNextGen/TGN-MiSeq0798/PMI-TGN_Bowers_PH-GAS/GAS-TG134296-095_S39_L001_R2_001.fastq.gz	88.84%
GAS-TG134300-095	2019-08-26	/scratch/TGenNextGen/TGN-MiSeq0775/PMI-TGN_Bowers_PH-GAS/GAS-TG134300-095_S25_L001_R1_001.fastq.gz	/scratch/TGenNextGen/TGN-MiSeq0775/PMI-TGN_Bowers_PH-GAS/GAS-TG134300-095_S25_L001_R2_001.fastq.gz	88.06%
GAS-TG134304-095	2019-08-26	/scratch/TGenNextGen/TGN-MiSeq0775/PMI-TGN_Bowers_PH-GAS/GAS-TG134304-095_S26_L001_R1_001.fastq.gz	/scratch/TGenNextGen/TGN-MiSeq0775/PMI-TGN_Bowers_PH-GAS/GAS-TG134304-095_S26_L001_R2_001.fastq.gz	88.31%
GAS-TG134348-095	2019-08-26	/scratch/TGenNextGen/TGN-MiSeq0775/PMI-TGN_Bowers_PH-GAS/GAS-TG134348-095_S27_L001_R1_001.fastq.gz	/scratch/TGenNextGen/TGN-MiSeq0775/PMI-TGN_Bowers_PH-GAS/GAS-TG134348-095_S27_L001_R2_001.fastq.gz	91.62%
GAS-TG134352-095	2019-09-06	/scratch/TGenNextGen/TGN-MiSeq0785/PMI-TGN_Bowers_PH-GAS/GAS-TG134352-095_S27_L001_R1_001.fastq.gz	/scratch/TGenNextGen/TGN-MiSeq0785/PMI-TGN_Bowers_PH-GAS/GAS-TG134352-095_S27_L001_R2_001.fastq.gz	87.00%
GAS-TG134356-095	2019-08-26	/scratch/TGenNextGen/TGN-MiSeq0775/PMI-TGN_Bowers_PH-GAS/GAS-TG134356-095_S29_L001_R1_001.fastq.gz	/scratch/TGenNextGen/TGN-MiSeq0775/PMI-TGN_Bowers_PH-GAS/GAS-TG134356-095_S29_L001_R2_001.fastq.gz	97.33%
GAS-TG134364-095	2019-08-26	/scratch/TGenNextGen/TGN-MiSeq0775/PMI-TGN_Bowers_PH-GAS/GAS-TG134364-095_S31_L001_R1_001.fastq.gz	/scratch/TGenNextGen/TGN-MiSeq0775/PMI-TGN_Bowers_PH-GAS/GAS-TG134364-095_S31_L001_R2_001.fastq.gz	90.27%
GAS-TG134368-095	2019-08-26	/scratch/TGenNextGen/TGN-MiSeq0775/PMI-TGN_Bowers_PH-GAS/GAS-TG134368-095_S32_L001_R1_001.fastq.gz	/scratch/TGenNextGen/TGN-MiSeq0775/PMI-TGN_Bowers_PH-GAS/GAS-TG134368-095_S32_L001_R2_001.fastq.gz	89.35%
GAS-TG134372-095	2019-08-26	/scratch/TGenNextGen/TGN-MiSeq0775/PMI-TGN_Bowers_PH-GAS/GAS-TG134372-095_S33_L001_R1_001.fastq.gz	/scratch/TGenNextGen/TGN-MiSeq0775/PMI-TGN_Bowers_PH-GAS/GAS-TG134372-095_S33_L001_R2_001.fastq.gz	89.56%
GAS-TG134512-095	2019-09-06	/scratch/TGenNextGen/TGN-MiSeq0785/PMI-TGN_Bowers_PH-GAS/GAS-TG134512-095_S15_L001_R1_001.fastq.gz	/scratch/TGenNextGen/TGN-MiSeq0785/PMI-TGN_Bowers_PH-GAS/GAS-TG134512-095_S15_L001_R2_001.fastq.gz	91.99%
GAS-TG134516-095	2019-09-06	/scratch/TGenNextGen/TGN-MiSeq0785/PMI-TGN_Bowers_PH-GAS/GAS-TG134516-095_S16_L001_R1_001.fastq.gz	/scratch/TGenNextGen/TGN-MiSeq0785/PMI-TGN_Bowers_PH-GAS/GAS-TG134516-095_S16_L001_R2_001.fastq.gz	91.96%
GAS-TG134520-095	2019-09-06	/scratch/TGenNextGen/TGN-MiSeq0785/PMI-TGN_Bowers_PH-GAS/GAS-TG134520-095_S17_L001_R1_001.fastq.gz	/scratch/TGenNextGen/TGN-MiSeq0785/PMI-TGN_Bowers_PH-GAS/GAS-TG134520-095_S17_L001_R2_001.fastq.gz	85.28%
GAS-TG134524-081	2019-12-16	/scratch/TGenNextGen/TGN-MiniSeq0046/PMI-TGN_Bowers_PH-MISC/GAS-TG134524-081_S2_L001_R1_001.fastq.gz	/scratch/TGenNextGen/TGN-MiniSeq0046/PMI-TGN_Bowers_PH-MISC/GAS-TG134524-081_S2_L001_R2_001.fastq.gz	89.41%
GAS-TG134524-095	2019-09-06	/scratch/TGenNextGen/TGN-MiSeq0785/PMI-TGN_Bowers_PH-GAS/GAS-TG134524-095_S18_L001_R1_001.fastq.gz	/scratch/TGenNextGen/TGN-MiSeq0785/PMI-TGN_Bowers_PH-GAS/GAS-TG134524-095_S18_L001_R2_001.fastq.gz	80.14%
GAS-TG134528-095	2019-09-06	/scratch/TGenNextGen/TGN-MiSeq0785/PMI-TGN_Bowers_PH-GAS/GAS-TG134528-095_S19_L001_R1_001.fastq.gz	/scratch/TGenNextGen/TGN-MiSeq0785/PMI-TGN_Bowers_PH-GAS/GAS-TG134528-095_S19_L001_R2_001.fastq.gz	89.44%
GAS-TG134532-081	2019-12-16	/scratch/TGenNextGen/TGN-MiniSeq0046/PMI-TGN_Bowers_PH-MISC/GAS-TG134532-081_S3_L001_R1_001.fastq.gz	/scratch/TGenNextGen/TGN-MiniSeq0046/PMI-TGN_Bowers_PH-MISC/GAS-TG134532-081_S3_L001_R2_001.fastq.gz	90.06%
GAS-TG134536-095	2019-09-06	/scratch/TGenNextGen/TGN-MiSeq0785/PMI-TGN_Bowers_PH-GAS/GAS-TG134536-095_S21_L001_R1_001.fastq.gz	/scratch/TGenNextGen/TGN-MiSeq0785/PMI-TGN_Bowers_PH-GAS/GAS-TG134536-095_S21_L001_R2_001.fastq.gz	92.36%
GAS-TG134540-095	2019-09-06	/scratch/TGenNextGen/TGN-MiSeq0785/PMI-TGN_Bowers_PH-GAS/GAS-TG134540-095_S22_L001_R1_001.fastq.gz	/scratch/TGenNextGen/TGN-MiSeq0785/PMI-TGN_Bowers_PH-GAS/GAS-TG134540-095_S22_L001_R2_001.fastq.gz	89.39%
GAS-TG134544-095	2019-09-06	/scratch/TGenNextGen/TGN-MiSeq0785/PMI-TGN_Bowers_PH-GAS/GAS-TG134544-095_S23_L001_R1_001.fastq.gz	/scratch/TGenNextGen/TGN-MiSeq0785/PMI-TGN_Bowers_PH-GAS/GAS-TG134544-095_S23_L001_R2_001.fastq.gz	87.24%
GAS-TG134548-095	2019-09-06	/scratch/TGenNextGen/TGN-MiSeq0785/PMI-TGN_Bowers_PH-GAS/GAS-TG134548-095_S24_L001_R1_001.fastq.gz	/scratch/TGenNextGen/TGN-MiSeq0785/PMI-TGN_Bowers_PH-GAS/GAS-TG134548-095_S24_L001_R2_001.fastq.gz	85.97%
GAS-TG252930-095	2019-10-14	/scratch/TGenNextGen/TGN-MiSeq0798/PMI-TGN_Bowers_PH-GAS/GAS-252930-095_S21_L001_R1_001.fastq.gz	/scratch/TGenNextGen/TGN-MiSeq0798/PMI-TGN_Bowers_PH-GAS/GAS-252930-095_S21_L001_R2_001.fastq.gz	89.50%
GAS-TG252932-081	2019-12-16	/scratch/TGenNextGen/TGN-MiniSeq0046/PMI-TGN_Bowers_PH-MISC/GAS-TG252932-081_S4_L001_R1_001.fastq.gz	/scratch/TGenNextGen/TGN-MiniSeq0046/PMI-TGN_Bowers_PH-MISC/GAS-TG252932-081_S4_L001_R2_001.fastq.gz	88.88%
GAS-TG252934-095	2019-10-14	/scratch/TGenNextGen/TGN-MiSeq0798/PMI-TGN_Bowers_PH-GAS/GAS-TG252934-095_S5_L001_R1_001.fastq.gz	/scratch/TGenNextGen/TGN-MiSeq0798/PMI-TGN_Bowers_PH-GAS/GAS-TG252934-095_S5_L001_R2_001.fastq.gz	92.00%
GAS-TG252936-081	2019-12-16	/scratch/TGenNextGen/TGN-MiniSeq0046/PMI-TGN_Bowers_PH-MISC/GAS-TG252936-081_S5_L001_R1_001.fastq.gz	/scratch/TGenNextGen/TGN-MiniSeq0046/PMI-TGN_Bowers_PH-MISC/GAS-TG252936-081_S5_L001_R2_001.fastq.gz	90.03%
GAS-TG252938-095	2019-10-14	/scratch/TGenNextGen/TGN-MiSeq0798/PMI-TGN_Bowers_PH-GAS/GAS-TG252938-095_S7_L001_R1_001.fastq.gz	/scratch/TGenNextGen/TGN-MiSeq0798/PMI-TGN_Bowers_PH-GAS/GAS-TG252938-095_S7_L001_R2_001.fastq.gz	91.79%
GAS-TG252940-095	2019-10-14	/scratch/TGenNextGen/TGN-MiSeq0798/PMI-TGN_Bowers_PH-GAS/GAS-TG252940-095_S8_L001_R1_001.fastq.gz	/scratch/TGenNextGen/TGN-MiSeq0798/PMI-TGN_Bowers_PH-GAS/GAS-TG252940-095_S8_L001_R2_001.fastq.gz	90.71%
GAS-TG252942-095	2019-10-14	/scratch/TGenNextGen/TGN-MiSeq0798/PMI-TGN_Bowers_PH-GAS/GAS-TG252942-095_S9_L001_R1_001.fastq.gz	/scratch/TGenNextGen/TGN-MiSeq0798/PMI-TGN_Bowers_PH-GAS/GAS-TG252942-095_S9_L001_R2_001.fastq.gz	90.15%
GAS-TG252958-095	2019-10-14	/scratch/TGenNextGen/TGN-MiSeq0798/PMI-TGN_Bowers_PH-GAS/GAS-TG252958-095_S17_L001_R1_001.fastq.gz	/scratch/TGenNextGen/TGN-MiSeq0798/PMI-TGN_Bowers_PH-GAS/GAS-TG252958-095_S17_L001_R2_001.fastq.gz	92.13%
GAS-TG252960-095	2019-10-14	/scratch/TGenNextGen/TGN-MiSeq0798/PMI-TGN_Bowers_PH-GAS/GAS-TG252960-095_S18_L001_R1_001.fastq.gz	/scratch/TGenNextGen/TGN-MiSeq0798/PMI-TGN_Bowers_PH-GAS/GAS-TG252960-095_S18_L001_R2_001.fastq.gz	88.94%
GAS-TG252962-095	2019-10-14	/scratch/TGenNextGen/TGN-MiSeq0798/PMI-TGN_Bowers_PH-GAS/GAS-TG252962-095_S19_L001_R1_001.fastq.gz	/scratch/TGenNextGen/TGN-MiSeq0798/PMI-TGN_Bowers_PH-GAS/GAS-TG252962-095_S19_L001_R2_001.fastq.gz	91.89%
GAS-TG252964-095	2019-10-14	/scratch/TGenNextGen/TGN-MiSeq0798/PMI-TGN_Bowers_PH-GAS/GAS-TG252964-095_S20_L001_R1_001.fastq.gz	/scratch/TGenNextGen/TGN-MiSeq0798/PMI-TGN_Bowers_PH-GAS/GAS-TG252964-095_S20_L001_R2_001.fastq.gz	91.15%
GAS-TG253206-081	2019-10-14	/scratch/TGenNextGen/TGN-MiSeq0798/PMI-TGN_Bowers_PH-MISC/GAS-253206-081_S27_L001_R1_001.fastq.gz	/scratch/TGenNextGen/TGN-MiSeq0798/PMI-TGN_Bowers_PH-MISC/GAS-253206-081_S27_L001_R2_001.fastq.gz	90.13%
GAS-TG253208-081	2019-10-14	/scratch/TGenNextGen/TGN-MiSeq0798/PMI-TGN_Bowers_PH-MISC/GAS-253208-081_S28_L001_R1_001.fastq.gz	/scratch/TGenNextGen/TGN-MiSeq0798/PMI-TGN_Bowers_PH-MISC/GAS-253208-081_S28_L001_R2_001.fastq.gz	90.12%
GAS-TG253210-095	2019-10-14	/scratch/TGenNextGen/TGN-MiSeq0798/PMI-TGN_Bowers_PH-GAS/GAS-253210-095_S29_L001_R1_001.fastq.gz	/scratch/TGenNextGen/TGN-MiSeq0798/PMI-TGN_Bowers_PH-GAS/GAS-253210-095_S29_L001_R2_001.fastq.gz	90.85%
GAS-TG253212-095	2019-10-14	/scratch/TGenNextGen/TGN-MiSeq0798/PMI-TGN_Bowers_PH-GAS/GAS-253212-095_S30_L001_R1_001.fastq.gz	/scratch/TGenNextGen/TGN-MiSeq0798/PMI-TGN_Bowers_PH-GAS/GAS-253212-095_S30_L001_R2_001.fastq.gz	88.89%
GAS-TG253214-095	2019-10-14	/scratch/TGenNextGen/TGN-MiSeq0798/PMI-TGN_Bowers_PH-GAS/GAS-253214-095_S31_L001_R1_001.fastq.gz	/scratch/TGenNextGen/TGN-MiSeq0798/PMI-TGN_Bowers_PH-GAS/GAS-253214-095_S31_L001_R2_001.fastq.gz	92.51%
GAS-TG253216-095	2019-10-14	/scratch/TGenNextGen/TGN-MiSeq0798/PMI-TGN_Bowers_PH-GAS/GAS-253216-095_S32_L001_R1_001.fastq.gz	/scratch/TGenNextGen/TGN-MiSeq0798/PMI-TGN_Bowers_PH-GAS/GAS-253216-095_S32_L001_R2_001.fastq.gz	89.95%
GAS-TG253218-081	2019-12-16	/scratch/TGenNextGen/TGN-MiniSeq0046/PMI-TGN_Bowers_PH-MISC/GAS-TG253218-081_S6_L001_R1_001.fastq.gz	/scratch/TGenNextGen/TGN-MiniSeq0046/PMI-TGN_Bowers_PH-MISC/GAS-TG253218-081_S6_L001_R2_001.fastq.gz	83.90%
GAS-TG253220-095	2019-10-14	/scratch/TGenNextGen/TGN-MiSeq0798/PMI-TGN_Bowers_PH-GAS/GAS-253220-095_S34_L001_R1_001.fastq.gz	/scratch/TGenNextGen/TGN-MiSeq0798/PMI-TGN_Bowers_PH-GAS/GAS-253220-095_S34_L001_R2_001.fastq.gz	92.22%
GAS-TG253222-095	2019-10-14	/scratch/TGenNextGen/TGN-MiSeq0798/PMI-TGN_Bowers_PH-GAS/GAS-253222-095_S35_L001_R1_001.fastq.gz	/scratch/TGenNextGen/TGN-MiSeq0798/PMI-TGN_Bowers_PH-GAS/GAS-253222-095_S35_L001_R2_001.fastq.gz	89.89%
GAS-TG253224-095	2019-10-14	/scratch/TGenNextGen/TGN-MiSeq0798/PMI-TGN_Bowers_PH-GAS/GAS-253224-095_S36_L001_R1_001.fastq.gz	/scratch/TGenNextGen/TGN-MiSeq0798/PMI-TGN_Bowers_PH-GAS/GAS-253224-095_S36_L001_R2_001.fastq.gz	92.12%
GAS-TG253226-095	2019-10-14	/scratch/TGenNextGen/TGN-MiSeq0798/PMI-TGN_Bowers_PH-GAS/GAS-253226-095_S37_L001_R1_001.fastq.gz	/scratch/TGenNextGen/TGN-MiSeq0798/PMI-TGN_Bowers_PH-GAS/GAS-253226-095_S37_L001_R2_001.fastq.gz	89.67%
GAS-TG253534-095	2019-11-18	/scratch/TGenNextGen/TGN-MiniSeq0041/PMI-TGN_Bowers_PH-GAS/GAS-253534-095_S1_L001_R1_001.fastq.gz	/scratch/TGenNextGen/TGN-MiniSeq0041/PMI-TGN_Bowers_PH-GAS/GAS-253534-095_S1_L001_R2_001.fastq.gz	89.07%
GAS-TG253536-095	2019-11-18	/scratch/TGenNextGen/TGN-MiniSeq0041/PMI-TGN_Bowers_PH-GAS/GAS-253536-095_S2_L001_R1_001.fastq.gz	/scratch/TGenNextGen/TGN-MiniSeq0041/PMI-TGN_Bowers_PH-GAS/GAS-253536-095_S2_L001_R2_001.fastq.gz	92.36%
GAS-TG253538-095	2019-11-18	/scratch/TGenNextGen/TGN-MiniSeq0041/PMI-TGN_Bowers_PH-GAS/GAS-253538-095_S3_L001_R1_001.fastq.gz	/scratch/TGenNextGen/TGN-MiniSeq0041/PMI-TGN_Bowers_PH-GAS/GAS-253538-095_S3_L001_R2_001.fastq.gz	91.22%
GAS-TG253540-095	2019-11-18	/scratch/TGenNextGen/TGN-MiniSeq0041/PMI-TGN_Bowers_PH-GAS/GAS-253540-095_S4_L001_R1_001.fastq.gz	/scratch/TGenNextGen/TGN-MiniSeq0041/PMI-TGN_Bowers_PH-GAS/GAS-253540-095_S4_L001_R2_001.fastq.gz	92.38%
GAS-TG253542-095	2019-11-18	/scratch/TGenNextGen/TGN-MiniSeq0041/PMI-TGN_Bowers_PH-GAS/GAS-253542-095_S5_L001_R1_001.fastq.gz	/scratch/TGenNextGen/TGN-MiniSeq0041/PMI-TGN_Bowers_PH-GAS/GAS-253542-095_S5_L001_R2_001.fastq.gz	91.23%
GAS-TG253544-095	2019-11-18	/scratch/TGenNextGen/TGN-MiniSeq0041/PMI-TGN_Bowers_PH-GAS/GAS-253544-095_S6_L001_R1_001.fastq.gz	/scratch/TGenNextGen/TGN-MiniSeq0041/PMI-TGN_Bowers_PH-GAS/GAS-253544-095_S6_L001_R2_001.fastq.gz	91.04%
GAS-TG253546-095	2019-11-18	/scratch/TGenNextGen/TGN-MiniSeq0041/PMI-TGN_Bowers_PH-GAS/GAS-253546-095_S7_L001_R1_001.fastq.gz	/scratch/TGenNextGen/TGN-MiniSeq0041/PMI-TGN_Bowers_PH-GAS/GAS-253546-095_S7_L001_R2_001.fastq.gz	91.39%
GAS-TG253548-095	2019-11-18	/scratch/TGenNextGen/TGN-MiniSeq0041/PMI-TGN_Bowers_PH-GAS/GAS-253548-095_S8_L001_R1_001.fastq.gz	/scratch/TGenNextGen/TGN-MiniSeq0041/PMI-TGN_Bowers_PH-GAS/GAS-253548-095_S8_L001_R2_001.fastq.gz	90.08%
GAS-TG253550-095	2019-11-18	/scratch/TGenNextGen/TGN-MiniSeq0041/PMI-TGN_Bowers_PH-GAS/GAS-253550-095_S9_L001_R1_001.fastq.gz	/scratch/TGenNextGen/TGN-MiniSeq0041/PMI-TGN_Bowers_PH-GAS/GAS-253550-095_S9_L001_R2_001.fastq.gz	91.23%
GAS-TG253552-095	2019-11-18	/scratch/TGenNextGen/TGN-MiniSeq0041/PMI-TGN_Bowers_PH-GAS/GAS-253552-095_S10_L001_R1_001.fastq.gz	/scratch/TGenNextGen/TGN-MiniSeq0041/PMI-TGN_Bowers_PH-GAS/GAS-253552-095_S10_L001_R2_001.fastq.gz	90.06%
GAS-TG253878-095	2019-11-18	/scratch/TGenNextGen/TGN-MiniSeq0041/PMI-TGN_Bowers_PH-GAS/GAS-253878-095_S11_L001_R1_001.fastq.gz	/scratch/TGenNextGen/TGN-MiniSeq0041/PMI-TGN_Bowers_PH-GAS/GAS-253878-095_S11_L001_R2_001.fastq.gz	89.04%
GAS-TG253880-095	2019-11-18	/scratch/TGenNextGen/TGN-MiniSeq0041/PMI-TGN_Bowers_PH-GAS/GAS-253880-095_S12_L001_R1_001.fastq.gz	/scratch/TGenNextGen/TGN-MiniSeq0041/PMI-TGN_Bowers_PH-GAS/GAS-253880-095_S12_L001_R2_001.fastq.gz	91.61%
GAS-TG253882-095	2019-11-18	/scratch/TGenNextGen/TGN-MiniSeq0041/PMI-TGN_Bowers_PH-GAS/GAS-253882-095_S13_L001_R1_001.fastq.gz	/scratch/TGenNextGen/TGN-MiniSeq0041/PMI-TGN_Bowers_PH-GAS/GAS-253882-095_S13_L001_R2_001.fastq.gz	90.11%
GAS-TG253884-095	2019-11-18	/scratch/TGenNextGen/TGN-MiniSeq0041/PMI-TGN_Bowers_PH-GAS/GAS-253884-095_S14_L001_R1_001.fastq.gz	/scratch/TGenNextGen/TGN-MiniSeq0041/PMI-TGN_Bowers_PH-GAS/GAS-253884-095_S14_L001_R2_001.fastq.gz	88.15%
GAS-TG253886-095	2019-11-18	/scratch/TGenNextGen/TGN-MiniSeq0041/PMI-TGN_Bowers_PH-GAS/GAS-253886-095_S15_L001_R1_001.fastq.gz	/scratch/TGenNextGen/TGN-MiniSeq0041/PMI-TGN_Bowers_PH-GAS/GAS-253886-095_S15_L001_R2_001.fastq.gz	92.12%
GAS-TG253888-095	2019-11-18	/scratch/TGenNextGen/TGN-MiniSeq0041/PMI-TGN_Bowers_PH-GAS/GAS-253888-095_S16_L001_R1_001.fastq.gz	/scratch/TGenNextGen/TGN-MiniSeq0041/PMI-TGN_Bowers_PH-GAS/GAS-253888-095_S16_L001_R2_001.fastq.gz	90.12%
GAS-TG253890-095	2019-11-18	/scratch/TGenNextGen/TGN-MiniSeq0041/PMI-TGN_Bowers_PH-GAS/GAS-253890-095_S17_L001_R1_001.fastq.gz	/scratch/TGenNextGen/TGN-MiniSeq0041/PMI-TGN_Bowers_PH-GAS/GAS-253890-095_S17_L001_R2_001.fastq.gz	88.97%
GAS-TG257008-095	2019-11-22	/scratch/TGenNextGen/TGN-MiniSeq0042/PMI-TGN_Bowers_PH-GAS/GAS-TG257008-095_S1_L001_R1_001.fastq.gz	/scratch/TGenNextGen/TGN-MiniSeq0042/PMI-TGN_Bowers_PH-GAS/GAS-TG257008-095_S1_L001_R2_001.fastq.gz	92.44%
GAS-TG257010-095	2019-11-22	/scratch/TGenNextGen/TGN-MiniSeq0042/PMI-TGN_Bowers_PH-GAS/GAS-TG257010-095_S2_L001_R1_001.fastq.gz	/scratch/TGenNextGen/TGN-MiniSeq0042/PMI-TGN_Bowers_PH-GAS/GAS-TG257010-095_S2_L001_R2_001.fastq.gz	93.26%
GAS-TG257012-095	2019-11-22	/scratch/TGenNextGen/TGN-MiniSeq0042/PMI-TGN_Bowers_PH-GAS/GAS-TG257012-095_S3_L001_R1_001.fastq.gz	/scratch/TGenNextGen/TGN-MiniSeq0042/PMI-TGN_Bowers_PH-GAS/GAS-TG257012-095_S3_L001_R2_001.fastq.gz	89.39%
GAS-TG257014-095	2019-11-22	/scratch/TGenNextGen/TGN-MiniSeq0042/PMI-TGN_Bowers_PH-GAS/GAS-TG257014-095_S4_L001_R1_001.fastq.gz	/scratch/TGenNextGen/TGN-MiniSeq0042/PMI-TGN_Bowers_PH-GAS/GAS-TG257014-095_S4_L001_R2_001.fastq.gz	90.17%
GAS-TG257016-095	2019-11-22	/scratch/TGenNextGen/TGN-MiniSeq0042/PMI-TGN_Bowers_PH-GAS/GAS-TG257016-095_S5_L001_R1_001.fastq.gz	/scratch/TGenNextGen/TGN-MiniSeq0042/PMI-TGN_Bowers_PH-GAS/GAS-TG257016-095_S5_L001_R2_001.fastq.gz	92.44%
GAS-TG257018-095	2019-11-22	/scratch/TGenNextGen/TGN-MiniSeq0042/PMI-TGN_Bowers_PH-GAS/GAS-TG257018-095_S6_L001_R1_001.fastq.gz	/scratch/TGenNextGen/TGN-MiniSeq0042/PMI-TGN_Bowers_PH-GAS/GAS-TG257018-095_S6_L001_R2_001.fastq.gz	90.15%
GAS-TG257020-095	2019-11-22	/scratch/TGenNextGen/TGN-MiniSeq0042/PMI-TGN_Bowers_PH-GAS/GAS-TG257020-095_S7_L001_R1_001.fastq.gz	/scratch/TGenNextGen/TGN-MiniSeq0042/PMI-TGN_Bowers_PH-GAS/GAS-TG257020-095_S7_L001_R2_001.fastq.gz	89.78%
GAS-TG257022-095	2019-11-22	/scratch/TGenNextGen/TGN-MiniSeq0042/PMI-TGN_Bowers_PH-GAS/GAS-TG257022-095_S8_L001_R1_001.fastq.gz	/scratch/TGenNextGen/TGN-MiniSeq0042/PMI-TGN_Bowers_PH-GAS/GAS-TG257022-095_S8_L001_R2_001.fastq.gz	90.11%
GAS-TG257024-095	2019-11-22	/scratch/TGenNextGen/TGN-MiniSeq0042/PMI-TGN_Bowers_PH-GAS/GAS-TG257024-095_S9_L001_R1_001.fastq.gz	/scratch/TGenNextGen/TGN-MiniSeq0042/PMI-TGN_Bowers_PH-GAS/GAS-TG257024-095_S9_L001_R2_001.fastq.gz	92.35%
GAS-TG257026-095	2019-11-22	/scratch/TGenNextGen/TGN-MiniSeq0042/PMI-TGN_Bowers_PH-GAS/GAS-TG257026-095_S10_L001_R1_001.fastq.gz	/scratch/TGenNextGen/TGN-MiniSeq0042/PMI-TGN_Bowers_PH-GAS/GAS-TG257026-095_S10_L001_R2_001.fastq.gz	92.46%
GAS-TG257028-095	2019-11-22	/scratch/TGenNextGen/TGN-MiniSeq0042/PMI-TGN_Bowers_PH-GAS/GAS-TG257028-095_S11_L001_R1_001.fastq.gz	/scratch/TGenNextGen/TGN-MiniSeq0042/PMI-TGN_Bowers_PH-GAS/GAS-TG257028-095_S11_L001_R2_001.fastq.gz	90.15%
GAS-TG257030-095	2019-11-22	/scratch/TGenNextGen/TGN-MiniSeq0042/PMI-TGN_Bowers_PH-GAS/GAS-TG257030-095_S12_L001_R1_001.fastq.gz	/scratch/TGenNextGen/TGN-MiniSeq0042/PMI-TGN_Bowers_PH-GAS/GAS-TG257030-095_S12_L001_R2_001.fastq.gz	92.45%
GAS-TG257032-095	2019-11-22	/scratch/TGenNextGen/TGN-MiniSeq0043/PMI-TGN_Bowers_PH-GAS/GAS-TG257032-095_S1_L001_R1_001.fastq.gz	/scratch/TGenNextGen/TGN-MiniSeq0043/PMI-TGN_Bowers_PH-GAS/GAS-TG257032-095_S1_L001_R2_001.fastq.gz	90.25%
GAS-TG257034-095	2019-11-22	/scratch/TGenNextGen/TGN-MiniSeq0043/PMI-TGN_Bowers_PH-GAS/GAS-TG257034-095_S2_L001_R1_001.fastq.gz	/scratch/TGenNextGen/TGN-MiniSeq0043/PMI-TGN_Bowers_PH-GAS/GAS-TG257034-095_S2_L001_R2_001.fastq.gz	90.99%
GAS-TG257036-095	2019-11-22	/scratch/TGenNextGen/TGN-MiniSeq0043/PMI-TGN_Bowers_PH-GAS/GAS-TG257036-095_S3_L001_R1_001.fastq.gz	/scratch/TGenNextGen/TGN-MiniSeq0043/PMI-TGN_Bowers_PH-GAS/GAS-TG257036-095_S3_L001_R2_001.fastq.gz	89.12%
GAS-TG257038-095	2019-11-22	/scratch/TGenNextGen/TGN-MiniSeq0043/PMI-TGN_Bowers_PH-GAS/GAS-TG257038-095_S4_L001_R1_001.fastq.gz	/scratch/TGenNextGen/TGN-MiniSeq0043/PMI-TGN_Bowers_PH-GAS/GAS-TG257038-095_S4_L001_R2_001.fastq.gz	90.15%
GAS-TG257040-081	2019-12-16	/scratch/TGenNextGen/TGN-MiniSeq0046/PMI-TGN_Bowers_PH-MISC/GAS-TG257040-081_S9_L001_R1_001.fastq.gz	/scratch/TGenNextGen/TGN-MiniSeq0046/PMI-TGN_Bowers_PH-MISC/GAS-TG257040-081_S9_L001_R2_001.fastq.gz	90.10%
GAS-TG257040-095	2019-11-25	/scratch/TGenNextGen/TGN-MiSeq0819/PMI-TGN_Bowers_PH-GAS/GAS-TG257040-095_S10_L001_R1_001.fastq.gz	/scratch/TGenNextGen/TGN-MiSeq0819/PMI-TGN_Bowers_PH-GAS/GAS-TG257040-095_S10_L001_R2_001.fastq.gz	90.24%
GAS-TG257042-081	2019-12-16	/scratch/TGenNextGen/TGN-MiniSeq0046/PMI-TGN_Bowers_PH-MISC/GAS-TG257042-081_S10_L001_R1_001.fastq.gz	/scratch/TGenNextGen/TGN-MiniSeq0046/PMI-TGN_Bowers_PH-MISC/GAS-TG257042-081_S10_L001_R2_001.fastq.gz	90.81%
GAS-TG257042-095	2019-11-25	/scratch/TGenNextGen/TGN-MiSeq0819/PMI-TGN_Bowers_PH-GAS/GAS-TG257042-095_S11_L001_R1_001.fastq.gz	/scratch/TGenNextGen/TGN-MiSeq0819/PMI-TGN_Bowers_PH-GAS/GAS-TG257042-095_S11_L001_R2_001.fastq.gz	90.96%
GAS-TG257044-095	2019-11-22	/scratch/TGenNextGen/TGN-MiniSeq0043/PMI-TGN_Bowers_PH-GAS/GAS-TG257044-095_S5_L001_R1_001.fastq.gz	/scratch/TGenNextGen/TGN-MiniSeq0043/PMI-TGN_Bowers_PH-GAS/GAS-TG257044-095_S5_L001_R2_001.fastq.gz	90.18%
GAS-TG257046-095	2019-11-22	/scratch/TGenNextGen/TGN-MiniSeq0043/PMI-TGN_Bowers_PH-GAS/GAS-TG257046-095_S6_L001_R1_001.fastq.gz	/scratch/TGenNextGen/TGN-MiniSeq0043/PMI-TGN_Bowers_PH-GAS/GAS-TG257046-095_S6_L001_R2_001.fastq.gz	90.17%
GAS-TG257048-095	2019-11-22	/scratch/TGenNextGen/TGN-MiniSeq0043/PMI-TGN_Bowers_PH-GAS/GAS-TG257048-095_S7_L001_R1_001.fastq.gz	/scratch/TGenNextGen/TGN-MiniSeq0043/PMI-TGN_Bowers_PH-GAS/GAS-TG257048-095_S7_L001_R2_001.fastq.gz	91.30%
GAS-TG257050-095	2019-11-22	/scratch/TGenNextGen/TGN-MiniSeq0043/PMI-TGN_Bowers_PH-GAS/GAS-TG257050-095_S8_L001_R1_001.fastq.gz	/scratch/TGenNextGen/TGN-MiniSeq0043/PMI-TGN_Bowers_PH-GAS/GAS-TG257050-095_S8_L001_R2_001.fastq.gz	90.17%
GAS-TG257052-095	2019-11-22	/scratch/TGenNextGen/TGN-MiniSeq0043/PMI-TGN_Bowers_PH-GAS/GAS-TG257052-095_S9_L001_R1_001.fastq.gz	/scratch/TGenNextGen/TGN-MiniSeq0043/PMI-TGN_Bowers_PH-GAS/GAS-TG257052-095_S9_L001_R2_001.fastq.gz	92.47%
GAS-TG257054-095	2019-11-22	/scratch/TGenNextGen/TGN-MiniSeq0043/PMI-TGN_Bowers_PH-GAS/GAS-TG257054-095_S10_L001_R1_001.fastq.gz	/scratch/TGenNextGen/TGN-MiniSeq0043/PMI-TGN_Bowers_PH-GAS/GAS-TG257054-095_S10_L001_R2_001.fastq.gz	90.13%
GAS-TG257130-095	2019-12-09	/scratch/TGenNextGen/TGN-MiniSeq0044/PMI-TGN_Bowers_PH-GAS/GAS-TG257130-095_S1_L001_R1_001.fastq.gz	/scratch/TGenNextGen/TGN-MiniSeq0044/PMI-TGN_Bowers_PH-GAS/GAS-TG257130-095_S1_L001_R2_001.fastq.gz	90.12%
GAS-TG257132-095	2019-12-09	/scratch/TGenNextGen/TGN-MiniSeq0044/PMI-TGN_Bowers_PH-GAS/GAS-TG257132-095_S2_L001_R1_001.fastq.gz	/scratch/TGenNextGen/TGN-MiniSeq0044/PMI-TGN_Bowers_PH-GAS/GAS-TG257132-095_S2_L001_R2_001.fastq.gz	98.70%
GAS-TG257134-095	2019-12-09	/scratch/TGenNextGen/TGN-MiniSeq0044/PMI-TGN_Bowers_PH-GAS/GAS-TG257134-095_S3_L001_R1_001.fastq.gz	/scratch/TGenNextGen/TGN-MiniSeq0044/PMI-TGN_Bowers_PH-GAS/GAS-TG257134-095_S3_L001_R2_001.fastq.gz	91.48%
GAS-TG257136-095	2019-12-09	/scratch/TGenNextGen/TGN-MiniSeq0044/PMI-TGN_Bowers_PH-GAS/GAS-TG257136-095_S4_L001_R1_001.fastq.gz	/scratch/TGenNextGen/TGN-MiniSeq0044/PMI-TGN_Bowers_PH-GAS/GAS-TG257136-095_S4_L001_R2_001.fastq.gz	89.89%
GAS-TG257138-095	2019-12-09	/scratch/TGenNextGen/TGN-MiniSeq0044/PMI-TGN_Bowers_PH-GAS/GAS-TG257138-095_S5_L001_R1_001.fastq.gz	/scratch/TGenNextGen/TGN-MiniSeq0044/PMI-TGN_Bowers_PH-GAS/GAS-TG257138-095_S5_L001_R2_001.fastq.gz	90.10%
GAS-TG257140-095	2019-12-09	/scratch/TGenNextGen/TGN-MiniSeq0044/PMI-TGN_Bowers_PH-GAS/GAS-TG257140-095_S6_L001_R1_001.fastq.gz	/scratch/TGenNextGen/TGN-MiniSeq0044/PMI-TGN_Bowers_PH-GAS/GAS-TG257140-095_S6_L001_R2_001.fastq.gz	91.12%
GAS-TG257142-095	2019-12-09	/scratch/TGenNextGen/TGN-MiniSeq0044/PMI-TGN_Bowers_PH-GAS/GAS-TG257142-095_S7_L001_R1_001.fastq.gz	/scratch/TGenNextGen/TGN-MiniSeq0044/PMI-TGN_Bowers_PH-GAS/GAS-TG257142-095_S7_L001_R2_001.fastq.gz	90.10%
GAS-TG257144-095	2019-12-09	/scratch/TGenNextGen/TGN-MiniSeq0044/PMI-TGN_Bowers_PH-GAS/GAS-TG257144-095_S8_L001_R1_001.fastq.gz	/scratch/TGenNextGen/TGN-MiniSeq0044/PMI-TGN_Bowers_PH-GAS/GAS-TG257144-095_S8_L001_R2_001.fastq.gz	89.07%
GAS-TG257146-095	2019-12-09	/scratch/TGenNextGen/TGN-MiniSeq0044/PMI-TGN_Bowers_PH-GAS/GAS-TG257146-095_S9_L001_R1_001.fastq.gz	/scratch/TGenNextGen/TGN-MiniSeq0044/PMI-TGN_Bowers_PH-GAS/GAS-TG257146-095_S9_L001_R2_001.fastq.gz	96.55%
GAS-TG261724-095	2019-12-09	/scratch/TGenNextGen/TGN-MiniSeq0044/PMI-TGN_Bowers_PH-GAS/GAS-TG261724-095_S11_L001_R1_001.fastq.gz	/scratch/TGenNextGen/TGN-MiniSeq0044/PMI-TGN_Bowers_PH-GAS/GAS-TG261724-095_S11_L001_R2_001.fastq.gz	92.38%
GAS-TG261726-095	2019-12-09	/scratch/TGenNextGen/TGN-MiniSeq0044/PMI-TGN_Bowers_PH-GAS/GAS-TG261726-095_S12_L001_R1_001.fastq.gz	/scratch/TGenNextGen/TGN-MiniSeq0044/PMI-TGN_Bowers_PH-GAS/GAS-TG261726-095_S12_L001_R2_001.fastq.gz	90.21%
GAS-TG261728-095	2019-12-09	/scratch/TGenNextGen/TGN-MiniSeq0044/PMI-TGN_Bowers_PH-GAS/GAS-TG261728-095_S13_L001_R1_001.fastq.gz	/scratch/TGenNextGen/TGN-MiniSeq0044/PMI-TGN_Bowers_PH-GAS/GAS-TG261728-095_S13_L001_R2_001.fastq.gz	89.08%
GAS-TG261730-095	2019-12-09	/scratch/TGenNextGen/TGN-MiniSeq0044/PMI-TGN_Bowers_PH-GAS/GAS-TG261730-095_S14_L001_R1_001.fastq.gz	/scratch/TGenNextGen/TGN-MiniSeq0044/PMI-TGN_Bowers_PH-GAS/GAS-TG261730-095_S14_L001_R2_001.fastq.gz	88.63%
GAS-TG261732-095	2019-12-09	/scratch/TGenNextGen/TGN-MiniSeq0044/PMI-TGN_Bowers_PH-GAS/GAS-TG261732-095_S15_L001_R1_001.fastq.gz	/scratch/TGenNextGen/TGN-MiniSeq0044/PMI-TGN_Bowers_PH-GAS/GAS-TG261732-095_S15_L001_R2_001.fastq.gz	90.10%
GAS-TG261734-095	2019-12-09	/scratch/TGenNextGen/TGN-MiniSeq0044/PMI-TGN_Bowers_PH-GAS/GAS-TG261734-095_S16_L001_R1_001.fastq.gz	/scratch/TGenNextGen/TGN-MiniSeq0044/PMI-TGN_Bowers_PH-GAS/GAS-TG261734-095_S16_L001_R2_001.fastq.gz	92.17%
GAS-TG261736-095	2019-12-09	/scratch/TGenNextGen/TGN-MiniSeq0044/PMI-TGN_Bowers_PH-GAS/GAS-TG261736-095_S17_L001_R1_001.fastq.gz	/scratch/TGenNextGen/TGN-MiniSeq0044/PMI-TGN_Bowers_PH-GAS/GAS-TG261736-095_S17_L001_R2_001.fastq.gz	88.94%
GAS-TG261738-095	2019-12-09	/scratch/TGenNextGen/TGN-MiniSeq0044/PMI-TGN_Bowers_PH-GAS/GAS-TG261738-095_S18_L001_R1_001.fastq.gz	/scratch/TGenNextGen/TGN-MiniSeq0044/PMI-TGN_Bowers_PH-GAS/GAS-TG261738-095_S18_L001_R2_001.fastq.gz	91.31%
GAS-TG261740-095	2019-12-09	/scratch/TGenNextGen/TGN-MiniSeq0044/PMI-TGN_Bowers_PH-GAS/GAS-TG261740-095_S19_L001_R1_001.fastq.gz	/scratch/TGenNextGen/TGN-MiniSeq0044/PMI-TGN_Bowers_PH-GAS/GAS-TG261740-095_S19_L001_R2_001.fastq.gz	89.09%
GAS-TG261742-095	2019-12-09	/scratch/TGenNextGen/TGN-MiniSeq0044/PMI-TGN_Bowers_PH-GAS/GAS-TG261742-095_S20_L001_R1_001.fastq.gz	/scratch/TGenNextGen/TGN-MiniSeq0044/PMI-TGN_Bowers_PH-GAS/GAS-TG261742-095_S20_L001_R2_001.fastq.gz	90.09%
GAS-TG261744-095	2019-12-09	/scratch/TGenNextGen/TGN-MiniSeq0044/PMI-TGN_Bowers_PH-GAS/GAS-TG261744-095_S21_L001_R1_001.fastq.gz	/scratch/TGenNextGen/TGN-MiniSeq0044/PMI-TGN_Bowers_PH-GAS/GAS-TG261744-095_S21_L001_R2_001.fastq.gz	90.03%
GAS-TG261746-095	2019-12-09	/scratch/TGenNextGen/TGN-MiniSeq0044/PMI-TGN_Bowers_PH-GAS/GAS-TG261746-095_S22_L001_R1_001.fastq.gz	/scratch/TGenNextGen/TGN-MiniSeq0044/PMI-TGN_Bowers_PH-GAS/GAS-TG261746-095_S22_L001_R2_001.fastq.gz	92.69%
GAS-TG261748-095	2019-12-09	/scratch/TGenNextGen/TGN-MiniSeq0044/PMI-TGN_Bowers_PH-GAS/GAS-TG261748-095_S23_L001_R1_001.fastq.gz	/scratch/TGenNextGen/TGN-MiniSeq0044/PMI-TGN_Bowers_PH-GAS/GAS-TG261748-095_S23_L001_R2_001.fastq.gz	89.08%
GAS-TG261750-095	2019-12-09	/scratch/TGenNextGen/TGN-MiniSeq0044/PMI-TGN_Bowers_PH-GAS/GAS-TG261750-095_S24_L001_R1_001.fastq.gz	/scratch/TGenNextGen/TGN-MiniSeq0044/PMI-TGN_Bowers_PH-GAS/GAS-TG261750-095_S24_L001_R2_001.fastq.gz	89.07%
GAS-TG261752-095	2019-12-09	/scratch/TGenNextGen/TGN-MiniSeq0044/PMI-TGN_Bowers_PH-GAS/GAS-TG261752-095_S25_L001_R1_001.fastq.gz	/scratch/TGenNextGen/TGN-MiniSeq0044/PMI-TGN_Bowers_PH-GAS/GAS-TG261752-095_S25_L001_R2_001.fastq.gz	88.98%
GAS-TG262204-081	2019-12-16	/scratch/TGenNextGen/TGN-MiniSeq0046/PMI-TGN_Bowers_PH-MISC/GAS-TG262204-081_S15_L001_R1_001.fastq.gz	/scratch/TGenNextGen/TGN-MiniSeq0046/PMI-TGN_Bowers_PH-MISC/GAS-TG262204-081_S15_L001_R2_001.fastq.gz	91.44%
GAS-TG262206-081	2019-12-16	/scratch/TGenNextGen/TGN-MiniSeq0046/PMI-TGN_Bowers_PH-MISC/GAS-TG262206-081_S16_L001_R1_001.fastq.gz	/scratch/TGenNextGen/TGN-MiniSeq0046/PMI-TGN_Bowers_PH-MISC/GAS-TG262206-081_S16_L001_R2_001.fastq.gz	92.37%
GAS-TG262208-081	2019-12-16	/scratch/TGenNextGen/TGN-MiniSeq0046/PMI-TGN_Bowers_PH-MISC/GAS-TG262208-081_S17_L001_R1_001.fastq.gz	/scratch/TGenNextGen/TGN-MiniSeq0046/PMI-TGN_Bowers_PH-MISC/GAS-TG262208-081_S17_L001_R2_001.fastq.gz	88.63%
GAS-TG262270-095	2019-12-20	/scratch/TGenNextGen/TGN-MiSeq0841/PMI-TGN_Bowers_PH-GAS/GAS-TG262270-095_S1_L001_R1_001.fastq.gz	/scratch/TGenNextGen/TGN-MiSeq0841/PMI-TGN_Bowers_PH-GAS/GAS-TG262270-095_S1_L001_R2_001.fastq.gz	98.70%
GAS-TG262272-095	2019-12-20	/scratch/TGenNextGen/TGN-MiSeq0841/PMI-TGN_Bowers_PH-GAS/GAS-TG262272-095_S2_L001_R1_001.fastq.gz	/scratch/TGenNextGen/TGN-MiSeq0841/PMI-TGN_Bowers_PH-GAS/GAS-TG262272-095_S2_L001_R2_001.fastq.gz	93.01%
GAS-TG262274-095	2019-12-20	/scratch/TGenNextGen/TGN-MiSeq0841/PMI-TGN_Bowers_PH-GAS/GAS-TG262274-095_S3_L001_R1_001.fastq.gz	/scratch/TGenNextGen/TGN-MiSeq0841/PMI-TGN_Bowers_PH-GAS/GAS-TG262274-095_S3_L001_R2_001.fastq.gz	92.00%
GAS-TG262276-095	2019-12-20	/scratch/TGenNextGen/TGN-MiSeq0841/PMI-TGN_Bowers_PH-GAS/GAS-TG262276-095_S4_L001_R1_001.fastq.gz	/scratch/TGenNextGen/TGN-MiSeq0841/PMI-TGN_Bowers_PH-GAS/GAS-TG262276-095_S4_L001_R2_001.fastq.gz	91.20%
GAS-TG262280-095	2019-12-20	/scratch/TGenNextGen/TGN-MiSeq0841/PMI-TGN_Bowers_PH-GAS/GAS-TG262280-095_S6_L001_R1_001.fastq.gz	/scratch/TGenNextGen/TGN-MiSeq0841/PMI-TGN_Bowers_PH-GAS/GAS-TG262280-095_S6_L001_R2_001.fastq.gz	91.43%
GAS-TG262282-095	2019-12-20	/scratch/TGenNextGen/TGN-MiSeq0841/PMI-TGN_Bowers_PH-GAS/GAS-TG262282-095_S7_L001_R1_001.fastq.gz	/scratch/TGenNextGen/TGN-MiSeq0841/PMI-TGN_Bowers_PH-GAS/GAS-TG262282-095_S7_L001_R2_001.fastq.gz	91.85%
GAS-TG262284-095	2019-12-20	/scratch/TGenNextGen/TGN-MiSeq0841/PMI-TGN_Bowers_PH-GAS/GAS-TG262284-095_S8_L001_R1_001.fastq.gz	/scratch/TGenNextGen/TGN-MiSeq0841/PMI-TGN_Bowers_PH-GAS/GAS-TG262284-095_S8_L001_R2_001.fastq.gz	89.85%
GAS-TG262286-095	2019-12-20	/scratch/TGenNextGen/TGN-MiSeq0841/PMI-TGN_Bowers_PH-GAS/GAS-TG262286-095_S9_L001_R1_001.fastq.gz	/scratch/TGenNextGen/TGN-MiSeq0841/PMI-TGN_Bowers_PH-GAS/GAS-TG262286-095_S9_L001_R2_001.fastq.gz	91.37%
GAS-TG110879-xx-CL-USA-xxxx-081-JB	2018-02-07	/scratch/TGenNextGen/TGN-MiSeq0493/PMI-TGN_Bowers_PH-MISC/GAS-TG110879-xx-CL-USA-xxxx-081-JB_S41_L001_R1_001.fastq.gz	/scratch/TGenNextGen/TGN-MiSeq0493/PMI-TGN_Bowers_PH-MISC/GAS-TG110879-xx-CL-USA-xxxx-081-JB_S41_L001_R2_001.fastq.gz	90.63%
TG92308	2017-02-27	/scratch/mvalentine/GAS_all_types_repo/15-16/TG92308_S24_L001_R1_001.fastq.gz	/scratch/mvalentine/GAS_all_types_repo/15-16/TG92308_S24_L001_R2_001.fastq.gz	90.14%
TG92140	2016-08-03	/scratch/mvalentine/GAS_all_types_repo/15-16/TG92140_S12_L001_R1_001.fastq.gz	/scratch/mvalentine/GAS_all_types_repo/15-16/TG92140_S12_L001_R2_001.fastq.gz	90.55%
GAS-TG253880-095	2019-11-18	/scratch/TGenNextGen/TGN-MiniSeq0041/PMI-TGN_Bowers_PH-GAS/GAS-253880-095_S12_L001_R1_001.fastq.gz	/scratch/TGenNextGen/TGN-MiniSeq0041/PMI-TGN_Bowers_PH-GAS/GAS-253880-095_S12_L001_R2_001.fastq.gz	91.61%
GAS-TG110887-xx-CL-USA-xxxx-081-JB	2018-02-07	/scratch/TGenNextGen/TGN-MiSeq0493/PMI-TGN_Bowers_PH-MISC/GAS-TG110887-xx-CL-USA-xxxx-081-JB_S43_L001_R1_001.fastq.gz	/scratch/TGenNextGen/TGN-MiSeq0493/PMI-TGN_Bowers_PH-MISC/GAS-TG110887-xx-CL-USA-xxxx-081-JB_S43_L001_R2_001.fastq.gz	87.63%
GAS-TG134348-095	2019-08-26	/scratch/TGenNextGen/TGN-MiSeq0775/PMI-TGN_Bowers_PH-GAS/GAS-TG134348-095_S27_L001_R1_001.fastq.gz	/scratch/TGenNextGen/TGN-MiSeq0775/PMI-TGN_Bowers_PH-GAS/GAS-TG134348-095_S27_L001_R2_001.fastq.gz	91.62%
TG92224	2016-08-03	/scratch/mvalentine/GAS_all_types_repo/15-16/TG92224_S7_L001_R1_001.fastq.gz	/scratch/mvalentine/GAS_all_types_repo/15-16/TG92224_S7_L001_R2_001.fastq.gz	92.31%
GAS-TG132840-095	2019-01-25	/scratch/TGenNextGen/TGN-MiniSeq0024/PMI-TGN_Bowers_PH-GAS/GAS-TG132840-095_S1_L001_R1_001.fastq.gz	/scratch/TGenNextGen/TGN-MiniSeq0024/PMI-TGN_Bowers_PH-GAS/GAS-TG132840-095_S1_L001_R2_001.fastq.gz	92.42%
GAS-TG134524-095	2019-09-06	/scratch/TGenNextGen/TGN-MiSeq0785/PMI-TGN_Bowers_PH-GAS/GAS-TG134524-095_S18_L001_R1_001.fastq.gz	/scratch/TGenNextGen/TGN-MiSeq0785/PMI-TGN_Bowers_PH-GAS/GAS-TG134524-095_S18_L001_R2_001.fastq.gz	80.14%
TG93422	2016-10-10	/scratch/mvalentine/GAS_all_types_repo/05-06/TG93422_S39_L001_R1_001.fastq.gz	/scratch/mvalentine/GAS_all_types_repo/05-06/TG93422_S39_L001_R2_001.fastq.gz	89.44%
GAS-TG102875-xx-CL-USA-xxxx-081-JB	2018-02-07	/scratch/TGenNextGen/TGN-MiSeq0493/PMI-TGN_Bowers_PH-MISC/GAS-TG102875-xx-CL-USA-xxxx-081-JB_S32_L001_R1_001.fastq.gz	/scratch/TGenNextGen/TGN-MiSeq0493/PMI-TGN_Bowers_PH-MISC/GAS-TG102875-xx-CL-USA-xxxx-081-JB_S32_L001_R2_001.fastq.gz	87.86%
id	date	r1	r2	TG92300
B	2015-09-11	/scratch/mvalentine/FMC_GAS_all_isolates/B_S10_L001_R1_001.fastq.gz	/scratch/mvalentine/FMC_GAS_all_isolates/B_S10_L001_R2_001.fastq.gz	89.53%
TG78067	2017-02-22	/scratch/mvalentine/GAS_all_types_repo/TG78067_S37_L001_R1_001.fastq.gz	/scratch/mvalentine/GAS_all_types_repo/TG78067_S37_L001_R2_001.fastq.gz	91.25%
TG92344	2017-02-27	/scratch/mvalentine/GAS_all_types_repo/15-16/TG92344_S8_L001_R1_001.fastq.gz	/scratch/mvalentine/GAS_all_types_repo/15-16/TG92344_S8_L001_R2_001.fastq.gz	92.82%
GAS-TG134028-095	2019-08-02	/scratch/TGenNextGen/TGN-MiSeq0764/PMI-TGN_Bowers_PH-GAS/GAS-TG134028-095_S22_L001_R1_001.fastq.gz	/scratch/TGenNextGen/TGN-MiSeq0764/PMI-TGN_Bowers_PH-GAS/GAS-TG134028-095_S22_L001_R2_001.fastq.gz	88.61%
GAS-TG134284-095	2019-08-26	/scratch/TGenNextGen/TGN-MiSeq0775/PMI-TGN_Bowers_PH-GAS/GAS-TG134284-095_S21_L001_R1_001.fastq.gz	/scratch/TGenNextGen/TGN-MiSeq0775/PMI-TGN_Bowers_PH-GAS/GAS-TG134284-095_S21_L001_R2_001.fastq.gz	87.57%
GAS-TG134000-095	2019-08-02	/scratch/TGenNextGen/TGN-MiSeq0764/PMI-TGN_Bowers_PH-GAS/GAS-TG134000-095_S53_L001_R1_001.fastq.gz	/scratch/TGenNextGen/TGN-MiSeq0764/PMI-TGN_Bowers_PH-GAS/GAS-TG134000-095_S53_L001_R2_001.fastq.gz	82.55%
TG78047	2017-02-22	/scratch/mvalentine/GAS_all_types_repo/TG78047_S32_L001_R1_001.fastq.gz	/scratch/mvalentine/GAS_all_types_repo/TG78047_S32_L001_R2_001.fastq.gz	93.25%
GAS-TG132920-095	2019-01-25	/scratch/TGenNextGen/TGN-MiniSeq0024/PMI-TGN_Bowers_PH-GAS/GAS-TG132920-095_S19_L001_R1_001.fastq.gz	/scratch/TGenNextGen/TGN-MiniSeq0024/PMI-TGN_Bowers_PH-GAS/GAS-TG132920-095_S19_L001_R2_001.fastq.gz	92.17%
TG92300	2016-08-03	/scratch/mvalentine/GAS_all_types_repo/15-16/TG92300_S22_L001_R1_001.fastq.gz	/scratch/mvalentine/GAS_all_types_repo/15-16/TG92300_S22_L001_R2_001.fastq.gz	98.70%
GAS-TG132972-095	2019-01-25	/scratch/TGenNextGen/TGN-MiniSeq0024/PMI-TGN_Bowers_PH-GAS/GAS-TG132972-095_S32_L001_R1_001.fastq.gz	/scratch/TGenNextGen/TGN-MiniSeq0024/PMI-TGN_Bowers_PH-GAS/GAS-TG132972-095_S32_L001_R2_001.fastq.gz	92.34%
GAS-TG132996-095	2019-01-25	/scratch/TGenNextGen/TGN-MiniSeq0024/PMI-TGN_Bowers_PH-GAS/GAS-TG132996-095_S38_L001_R1_001.fastq.gz	/scratch/TGenNextGen/TGN-MiniSeq0024/PMI-TGN_Bowers_PH-GAS/GAS-TG132996-095_S38_L001_R2_001.fastq.gz	91.76%
TG78247	2017-02-22	/scratch/mvalentine/GAS_all_types_repo/TG78247_S32_L001_R1_001.fastq.gz	/scratch/mvalentine/GAS_all_types_repo/TG78247_S32_L001_R2_001.fastq.gz	90.69%
TG92300	2016-08-03	/scratch/mvalentine/GAS_all_types_repo/15-16/TG92300_S22_L001_R1_001.fastq.gz	/scratch/mvalentine/GAS_all_types_repo/15-16/TG92300_S22_L001_R2_001.fastq.gz	98.70%
