county,pca
Apache,Navajo Nation
Apache,Springerville
Cochise,Benson
Cochise,Bisbee
Cochise,Douglas & Pirtleville
Cochise,Sierra Vista
Cochise,Willcox & Bowie
Coconino,Cottonwood
Coconino,Flagstaff
Coconino,Grand Canyon Village
Coconino,Hopi Tribe
Coconino,Navajo Nation
Coconino,Page
Gila,Globe
Gila,Payson
Gila,San Carlos Apache Tribe
Gila,White Mountain Apache Tribe
Graham,Safford
Graham,San Carlos Apache Tribe
Graham,Thatcher
Greenlee,Morenci
La Paz,Colorado River Indian Tribe
La Paz,Parker
La Paz,Quartzsite
Maricopa,Ahwatukee Foothills Village
Maricopa,Alhambra Village
Maricopa,Anthem
Maricopa,Apache Junction
Maricopa,Avondale
Maricopa,Buckeye
Maricopa,Camelback East Village
Maricopa,Central City Village
Maricopa,Chandler Central
Maricopa,Chandler North
Maricopa,Chandler South
Maricopa,Deer Valley Village
Maricopa,Desert View Village
Maricopa,El Mirage & Youngtown
Maricopa,Encanto Village
Maricopa,Estrella Village & Tolleson
Maricopa,Fort McDowell Yavapai Nation
Maricopa,Gila River Indian Community
Maricopa,Gilbert Central
Maricopa,Gilbert North
Maricopa,Gilbert South
Maricopa,Glendale Central
Maricopa,Glendale North
Maricopa,Glendale West
Maricopa,Goodyear & Litchfield Park
Maricopa,Laveen Village
Maricopa,Maryvale Village
Maricopa,Mesa Central
Maricopa,Mesa East
Maricopa,Mesa Gateway
Maricopa,Mesa North
Maricopa,Mesa West
Maricopa,New River
Maricopa,North Gateway
Maricopa,North Mountain Village
Maricopa,Paradise Valley
Maricopa,Paradise Valley Village
Maricopa,Peoria North
Maricopa,Peoria South
Maricopa,Queen Creek
Maricopa,Salt River Pima
Maricopa,Scottsdale Central
Maricopa,Scottsdale North
Maricopa,Scottsdale South
Maricopa,South Mountain Village & Guadalupe
Maricopa,Sun City
Maricopa,Sun City West
Maricopa,Sun Lakes
Maricopa,Surprise North & Wickenburg
Maricopa,Surprise South
Maricopa,Tempe North
Maricopa,Tempe South
Maricopa,Tohono O'odham Nation
Mohave,Bullhead City
Mohave,Colorado City
Mohave,Golden Valley
Mohave,Hualapai Tribe
Mohave,Kingman
Mohave,Lake Havasu City
Navajo,Hopi Tribe
Navajo,Navajo Nation
Navajo,Show Low
Navajo,Snowflake
Navajo,White Mountain Apache Tribe
Navajo,Winslow
Pima,Ajo
Pima,Casas Adobes
Pima,Catalina Foothills
Pima,Drexel Heights
Pima,Flowing Wells
Pima,Green Valley
Pima,Marana
Pima,Oro Valley
Pima,Pascua Yaqui Tribe
Pima,Picture Rocks
Pima,Sahuarita
Pima,San Xavier
Pima,Tanque Verde
Pima,Tohono O'odham Nation
Pima,Tucson Central
Pima,Tucson East
Pima,Tucson Estates
Pima,Tucson Foothills
Pima,Tucson South
Pima,Tucson South East
Pima,Tucson West
Pima,Vail
Pima,Valencia West
Pinal,Apache Junction
Pinal,Casa Grande
Pinal,Coolidge
Pinal,Eloy
Pinal,Florence
Pinal,Gila River Indian Community
Pinal,Gold Canyon
Pinal,Maricopa
Pinal,Queen Creek
Pinal,Saddlebrooke
Pinal,San Tan Valley
Santa Cruz,Nogales
Santa Cruz,Rio Rico
Yavapai,Black Canyon City
Yavapai,Chino Valley
Yavapai,Cottonwood
Yavapai,Prescott
Yavapai,Prescott Valley
Yavapai,Williamson
Yuma,Fortuna Foothills
Yuma,San Luis
Yuma,Somerton
Yuma,Yuma
Maricopa,Fountain Hills
